<?xml version="1.0" encoding="UTF-8" ?>
<!DOCTYPE generatorConfiguration PUBLIC "-//mybatis.org//DTD MyBatis Generator Configuration 1.0//EN"
        "http://mybatis.org/dtd/mybatis-generator-config_1_0.dtd" >
<generatorConfiguration>
    <properties resource="generator.properties"></properties>
    <classPathEntry
            location="${jdbc.driver.jarfile}"/>
    <context id="dbcontext" targetRuntime="MyBatis3">
        <plugin type="com.taikang.business.dao.plugin.Plugin"/>
        <commentGenerator>
            <property name="suppressAllComments" value="true"/>
            <property name="suppressDate" value="true"/>
        </commentGenerator>
        <jdbcConnection driverClass="${jdbc.driverClass}"
                        connectionURL="${jdbc.connectionURL}"
                        userId="${jdbc.userId}" password="${jdbc.password}"/>

        <!-- 是否强制转换 只有forceBigDecimals 一个属性 -->
        <javaTypeResolver type="com.taikang.business.dao.plugin.JavaTypeResolverImpl">
            <!-- 根据数据库字段长自动匹配，默认为false：bigdecimal,long,int,short ,为true时始终使用bigdecimal -->
            <property name="forceBigDecimals" value="true"/>
        </javaTypeResolver>

        <javaModelGenerator targetPackage="com.taikang.business.dao.entity"
                            targetProject=".\src\main\java">
        </javaModelGenerator>
        <sqlMapGenerator targetPackage="com.taikang.business.dao.mapper"
                         targetProject=".\src\main\java">
        </sqlMapGenerator>
        <javaClientGenerator targetPackage="com.taikang.business.dao.mapper"
                             targetProject=".\src\main\java" type="ANNOTATEDMAPPER">
        </javaClientGenerator>

        <table tableName="A" />
      <!--  <table tableName="A2">
            <generatedKey column="ID" sqlStatement="SELECT MY_TRAVEL_SEQ.NEXTVAL FROM dual" identity="true" type=""></generatedKey>
        </table>-->
    </context>
</generatorConfiguration>