<?xml version="1.0" encoding="UTF-8"?>

<configuration>
    <appender name="stdout" class="ch.qos.logback.core.ConsoleAppender">
        <encoder class="ch.qos.logback.classic.encoder.PatternLayoutEncoder">
            <pattern>%date [%thread][IP:%X{ip}|USER:%X{user}][%-5level %logger{80}] %msg%n</pattern>
        </encoder>
    </appender>

    <substitutionProperty name="log.base"
                          value="d:\\temp"/>

    <appender name="rollingFile" class="ch.qos.logback.core.rolling.RollingFileAppender">
        <file>${log.base}/dubbo.log</file>
        <rollingPolicy class="ch.qos.logback.core.rolling.TimeBasedRollingPolicy">
            <FileNamePattern>${log.base}/stdout.%d{yyyy-MM-dd}.%i.log</FileNamePattern>
            <MaxHistory>2</MaxHistory>
            <timeBasedFileNamingAndTriggeringPolicy class="ch.qos.logback.core.rolling.SizeAndTimeBasedFNATP">
                <!-- or whenever the file size reaches 100MB -->
                <maxFileSize>100MB</maxFileSize>
            </timeBasedFileNamingAndTriggeringPolicy>
        </rollingPolicy>
        <encoder class="ch.qos.logback.classic.encoder.PatternLayoutEncoder">
            <pattern>%date [%thread][IP:%X{ip}|USER:%X{user}][%-5level %logger{80}] %msg%n</pattern>
        </encoder>
    </appender>

    <logger name="com" level="DEBUG"/>
    <logger name="com.taikang.business.api" level="DEBUG"/>
    <logger name="com.taikang.business.service" level="DEBUG"/>
    <logger name="ch.qos.logback" level="INFO"/>
    <logger name="org.springframework" level="DEBUG"/>
    <logger name="org.mybatis" level="DEBUG"/>
    <logger name="org" level="DEBUG"/>

    <root>
        <level value="DEBUG"/>
        <appender-ref ref="stdout"/>
    </root>
</configuration>